dot,name_bg,geonames_name,country,lat,lon,geonameid,population,px,py
0,Чаталджа,Catalca,TR,41.14073,28.45967,749644,39678,822.78,201.67
1,Мидия,Kiyikoy,TR,41.6296,28.0924,manual,669,732.22,261.67
2,Варна,Varna,BG,43.21912,27.91024,726050,318737,406.18,295.82
3,Малко Търново,Malko Tarnovo,BG,41.97958,27.52477,729322,3336,649.16,349.5
4,Бургас,Burgas,BG,42.50651,27.46886,732770,210646,543.43,360.77
5,Лозенград,Kirklareli,TR,41.73508,27.22521,743166,58223,706.69,386.31
6,Шумен,Shumen,BG,43.27064,26.92286,727233,72342,392.5,445.17
7,Одрин,Edirne,TR,41.67719,26.55597,747712,180002,716.68,485.59
8,Сливен,Sliven,BG,42.68607,26.32558,727079,83740,516.5,518.5
9,Енос,Enez,TR,40.72472,26.0825,747503,4119,917.23,555.57
10,Дедеагач,Alexandroupoli,GR,40.84995,25.87644,736928,52979,882.53,592.17
11,Велико Търново,Veliko Tarnovo,BG,43.08124,25.62904,725993,59166,433.5,626.5
12,Хасково,Haskovo,BG,41.93415,25.55557,730435,64564,671.5,628.5
13,Ксанти,Xanthi,GR,41.13488,24.888,733840,48221,819.5,746.5
14,Пловдив,Plovdiv,BG,42.15387,24.75001,728193,329489,618.78,754.57
15,Смолян,Smolyan,BG,41.57439,24.71204,727030,30689,737.0,755.17
16,Плевен,Pleven,BG,43.41791,24.61666,728203,90209,369.86,776.39
17,Тетевен,Teteven,BG,42.91667,24.26667,726464,10790,469.06,821.28
18,Пазарджик,Pazardzhik,BG,42.19934,24.33318,728378,55220,608.31,821.31
19,Драма,Drama,GR,41.15283,24.1473,736364,44823,822.0,853.83
20,Гоце Делчев,Gotse Delchev,BG,41.56667,23.73333,731108,20522,747.0,905.0
21,Враца,Vratsa,BG,43.21052,23.56312,725712,49569,404.5,933.5
22,Сяр,Serres,GR,41.08499,23.54757,734330,58287,836.21,934.09
23,Разлог,Razlog,BG,41.8863,23.46714,727689,12486,678.32,946.59
24,Петрич,Petrich,BG,41.39846,23.20702,728288,30722,778.54,987.09
25,Дупница,Dupnitsa,BG,42.26478,23.11723,726872,34764,599.71,988.86
26,Благоевград,Blagoevgrad,BG,42.01457,23.09804,733191,67810,642.62,992.85
27,Солун,Thessaloniki,GR,40.64072,22.93493,734077,317778,923.0,1024.0
28,Цариброд,Dimitrovgrad,RS,43.01417,22.77556,791487,0,444.91,1053.21
29,Трън,Tran,BG,42.83528,22.65167,726307,3102,483.57,1064.77
30,Босилеград,Bosilegrad,RS,42.5011,22.47238,792421,0,551.5,1098.5
31,Воден,Edessa,GR,40.8026,22.04751,736357,18669,898.57,1145.23
32,Ниш,Nis,RS,43.32472,21.90333,787657,250000,387.22,1184.33
33,Велес,Veles,MK,41.71719,21.77196,785058,57873,713.11,1185.89
34,Прилеп,Prilep,MK,41.34558,21.5537,786735,73814,776.57,1221.23
35,Скопие,Skopje,MK,41.99646,21.43141,785842,474889,659.97,1232.08
36,Костур,Kastoria,GR,40.52165,21.26341,735927,13387,954.15,1277.38
37,Охрид,Ohrid,MK,41.11701,20.80175,787487,42033,826.06,1329.25
38,Корча,Korce,AL,40.61861,20.78083,782756,58259,936.41,1336.68
39,Дебър,Debar,MK,41.52286,20.52198,791606,18074,745.89,1361.11
