name_bg,lat,lon
София,42.6977,23.3219
Русе,43.8356,25.9657
Видин,43.9962,22.8679
Силистра,44.1171,27.2606
Добрич,43.5726,27.8273
Стара Загора,42.4258,25.6345
Кърджали,41.6338,25.3777
Ловеч,43.1370,24.7142
Габрово,42.8742,25.3187
Монтана,43.4125,23.2250
Кюстендил,42.2839,22.6911
Ямбол,42.4842,26.5035
Търговище,43.2512,26.5722
Разград,43.5256,26.5241
Перник,42.6052,23.0378
Враца,43.2102,23.5529
Карлово,42.6394,24.8078
Казанлък,42.6194,25.3930
Самоков,42.3370,23.5528
Ботевград,42.9077,23.7939
Никопол,43.7062,24.8950
Свищов,43.6167,25.3500
Провадия,43.1833,27.4333
Тутракан,44.0490,26.6120
Балчик,43.4269,28.1617
Айтос,42.7000,27.2500
Елхово,42.1667,26.5667
Харманли,41.9333,25.9000
Златоград,41.3794,25.0960
Девин,41.7437,24.4000
Велинград,42.0272,23.9913
Панагюрище,42.5000,24.1833
Троян,42.8833,24.7167
Елена,42.9333,25.8833
Котел,42.8833,26.4500
Попово,43.3500,26.2333
Нови Пазар,43.3500,27.2000
Белоградчик,43.6270,22.6830
Лом,43.8200,23.2400
Оряхово,43.7333,23.9667
Кула,43.8883,22.5208
Берковица,43.2367,23.1256
Сандански,41.5667,23.2833
Мелник,41.5236,23.3931
Банско,41.8383,23.4885
Тулча,45.1716,28.7914
Кюстенджа,44.1733,28.6383
Битоля,41.0314,21.3347
Куманово,42.1322,21.7144
Щип,41.7358,22.1914
Струмица,41.4375,22.6431
Кочани,41.9167,22.4125
Кавала,40.9369,24.4127
Гюмюрджина,41.1224,25.4066
Лерин,40.7818,21.4098
Кукуш,40.9950,22.8703
Лозенград,41.7353,27.2254
Бабаески,41.4325,27.0931
