id,book_id,volume,part,number,page,file_page,title_ocr
Ф 1,bda,I-III,Фонетика,1,59,59,"Застъпници на стб. ъ в коренна сричка в думите дъжд, сън < стб. д СЪНЪ"
Ф 2,bda,I-III,Фонетика,2,60,60,Тип на гласната на мястото на ъ в корена на думата лъжица
Ф 3,bda,I-III,Фонетика,3,61,61,"Застъпници на стб. ъ пред гутурална съгласна к в крайна затворена сричка. в думи от типа петък, пясък < стб. патъкъ, пъсъкъ"
Ф 4,bda,I-III,Фонетика,4,62,62,"Застъпници на стб. ъ в предлог въз и представки въз-, въ- в думи от типа въз, възнак, въздишам, въведа < стб. въд, възнАкЪъ, ВЪДДУМХАТИ, ВЪВССТИ"
Ф 5,bda,I-III,Фонетика,5,63,63,"Разпространение на първично изясняване на стб. + в представката съ- < стб. съ- в думи от типа събера, съшия < стб. съвърхтн, съшнтн"
Ф 6,bda,I-III,Фонетика,6,64,64,Застъпници на стб. ъ в предлога със < стб. съ
Ф 7,bda,I-III,Фонетика,7,65,65,"Застъпници на гласната на мястото на вмъкнат ъ в крайна затворена сричка в думи от типа восък, мозък, срв. стб. коскъ"
Ф 8,bda,I-III,Фонетика,8,66,66,"Застъпници на вмъкнат ъ в крайна затворена сричка пред съгласна л в думи от типа рекъл, топъл < стб, реклъ, топла"
Ф 9,bda,I-III,Фонетика,9,67,67,"Застъпници на вмъкнат ъ в крайна затворена сричка на слови причас форми от типа пекла, пекло, пекли < стб. пек-лъ"
Ф 10,bda,I-III,Фонетика,10,68,68,"Тип на гласната на мястото на ъ в заемки като бакър, сандък, чадър"
Ф 11,bda,I-III,Фонетика,11,69,69,"Вид на гласната в наставката на думите какъв, такъв < стб. клковъ, ТАКОКЪ"
Ф 12,bda,I-III,Фонетика,12,70,70,"Застъпници на стб. коренна гласна ь в думи от типа лек, ленен < стб. льгъкъ, лънвнъ"
Ф 13,bda,I-III,Фонетика,13,71,71,"Запазване или незап тъмно, тъмен < стб. тъмьн между ьи ъв корена на думите"
Ф 14,bda,I-III,Фонетика,14,72,,Запазване или незапазване на разликата между ьи в корена на думата тънък < стб. тънък
Ф 15,bda,I-III,Фонетика,15,73,,"Застъпници на стб. ь в крайна затворена сричка в думи от типа венец, орел, срв. стб. кънъць"
Ф 16,bda,I-III,Фонетика,16,74,72,Вид на гласна дошъл < стб. дошьлъ на мястото на стб. ьв причастия от типа
Ф 17,bda,I-III,Фонетика,17,75,73,Застъпници на вмъкнатата гласна в крайна затворена сричка на думата огън < стб. огнь
Ф 18,bda,I-III,Фонетика,18,76,74,"Запазване или изпадане на гласната на мястото на стб. слаба ерова гласна ъ в корена на думата дъно, срв. стб. ведънъ"
Ф 19,bda,I-III,Фонетика,19,77,75,"Запазване или изпадане на гласната на мястото на стб. слаба срова гласна ъ в думи с корен -тък-, срв. стб, тъклти"
Ф 20,bda,I-III,Фонетика,20,78,76,"Запазване или изпадане на гласната на мястото на стб. ъв думи с корен -жън“, срв. стб. жати, жъник"
Ф 21,bda,I-III,Фонетика,21,79,77,"Застъпници на стб. ж в думи ог типа зъ6, мъж < стб. уквъ, мажь"
Ф 22,bda,I-III,Фонетика,22,80,78,Наличие или отсъствие на вторично изясняване на стб. ж под ударение в думата въглен < стб. жгль мадаиииаи -. „
Ф 23,bda,I-III,Фонетика,23,81,79,Наличис или отсъствие на протетична съгласна пред застъпниците на стб. ж в думата въглен < стб. жгль И иена Ша мн В
Ф 24,bda,I-III,Фонетика,24,82,80,Вид на гласната на мястото на стб. ж в наречисто вътре < стб. вънжтфь и србълг. къндиуь
Ф 25,bda,I-III,Фонетика,25,83,81,"Застъпници на стб. д в думи от типа гледам, зет < стб. гААДАТИ, ЦАТЬ"
Ф 26,bda,I-III,Фонетика,26,84,82,Наличие или отсъствие на смесване на носовите гласни д и ж след ж в думата жетва < стб. ЖАТВА
Ф 27,bda,I-III,Фонетика,27,85,83,Наличис или отсъствие на смесване на носовите гласни ди ж след ж в думата жадна < стб. ЖАДЪНА нн
Ф 28,bda,I-III,Фонетика,28,86,84,"Наличие или отсъствие на смесване на носовите гласни ди ж след ш в думата шепа < србълг. шАПА, ПА"
Ф 29,bda,I-III,Фонетика,29,87,85,Наличие или отсъствие на смесване на носовите гласни ди ж в думата шетам < СТ6. ШАТАТИ СА мене
Ф 30,bda,I-III,Фонетика,30,88,86,Наличис или отсъствие на смесване на носовите гласни ли ж след ч в думата често < стб. часто
Ф 31,bda,I-III,Фонетика,31,89,87,Наличие или отсъствие на смесване на носовите гласни «и ж в началото на думата език < стб. ма ъкълиин
Ф 32,bda,I-III,Фонетика,32,90,88,Наличие или отсъствис на смесване на носовите гласни ли ж в началото на думата ечемик
Ф 33,bda,I-III,Фонетика,33,91,89,"Застъпници на стб. м в думи от типа мишка, син, риба < стб. мишь, СЪЩЪ, РИВА"
Ф 34,bda,I-III,Фонетика,34,92,90,"Застъпници на стб. в под ударение пред твърда сричка или твърда съгласна в думи от типа дядо, хляб < стб. уъдъ, ХАввъ ма"
Ф 35,bda,I-III,Фонетика,35,93,91,"Застъпници на стб. в под ударение пред мека сричка в думи от типа бели, време, понеделник < стб. БЪЛН, врбма, понедувлвникъ"
Ф 36,bda,I-III,Фонетика,36,94,92,"Застъпници на стб. в под ударение пред шушкави съгласни в думи от типа грешна, мрежа, реч < стб. гуъшъна, мръжа, рЪЧБНА сл"
Ф 37,bda,I-III,Фонетика,37,95,93,Застъпници на стб. в след съскави съгласни ц// ц” в думата цял < стб. цъль
Ф 38,bda,I-III,Фонетика,38,96,94,"Застъпници на стб. в след съскави съгласни ц//щ"" пред мска сричка във формата цели < стб. цван"
Ф 39,bda,I-III,Фонетика,39,97,95,Застъпници на стб. в в края на думата добре < стб. доврв
Ф 40,bda,I-III,Фонетика,40,98,96,Застъпници на стб. в в думата две < стб. дъкв
Ф 41,bda,I-III,Фонетика,41,99,97,"Застъпници на стб. в във формите за първо лице единствено число минало свършено време при глаголи от Ги П спреженис от типа търпях, въртях < стб. тръпъхъ, врътъхъ .. 99 Хе Ф 42 Застъпници на гласната, получена от контракцията на гласните -ва във формите за първо лице единствено число минало несвършено време при глаголи от Ти П спрежение от типа търпях, въртях, срв. стб. тръпвахъ > тръпъхъ, ВОЪТВАХЪ > БОЪТЪКЪ семена"
Ф 42,bda,I-III,Фонетика,42,100,98,
Ф 43,bda,I-III,Фонетика,43,101,99,"Застъпници на стб. в или на гласната, получена от съчетанието “ма във формите за трето лице сдинствено число минало свършено време на глаголи от Ги П спрежение ог типа търпя, ся, срв. стб. туъпв, св"
Ф 44,bda,I-III,Фонетика,44,102,100,"Застъпници на гласната, получена от контракцията на гласните чал във формите за първо лице единствено число минало несвършено време на глаголи от типа стоях, срв. стб. стимхъ > сТИАХЪ"
Ф 45,bda,I-III,Фонетика,45,103,101,"Вид на ударената контрахирана гласна в думата няма, срв. стб. не НЪМРТН нн"
Ф 46,bda,I-III,Фонетика,46,104,102,"Наличис или отсъствие на преглас на мястото на стб. па пред твърда сричка или твърда съгласна в думи от типа яма, пиян < стб. Алма, пшлнъ. нн"
Ф 47,bda,I-III,Фонетика,47,105,103,"Наличие или отсъствие на преглас на мястото на стб. 1 пред мека сричка във форми от типа ясли, пияница < стб, маи, пшаница.н"
Ф 48,bda,I-III,Фонетика,48,106,104,Наличие или отсъствие на преглас на мястото на стб. » след ж пред твърда сричка в думата жаба < ст6. ЖАБА... и
Ф 49,bda,I-III,Фонетика,49,107,105,Наличие или отсъствие на преглас на мястото на стб. л след ж пред мека сричка във формата жаби < стб. жавъ! ънндата
Ф 50,bda,I-III,Фонетика,50,108,106,Наличие или отсъствие на преглас на мястото на стб. л между шушкави съгласни в думата чаша < стб. ЧАША. а 108
Ф 51,bda,I-III,Фонетика,51,109,107,Наличие или отсъствие на преглас на мястото на стб. « между шушкави съгласни във формата чаши < стб. чашн
Ф 52,bda,I-III,Фонетика,52,110,108,"Наличис или отсъствис на преглас на мястото на а след шушкави съгласни пред меки срички или меки съгласни във форми от типа жаби, шапки, обичаи. по"
Ф 53,bda,I-III,Фонетика,53,111,109,Наличис или отсъствис на преглас на мястото на а след ч пред мека сричка във формата овчари
Ф 54,bda,I-III,Фонетика,54,112,110,Вид на ударената гласна след ч в думата чакам < србълг. чакАдти
Ф 55,bda,I-III,Фонетика,55,113,111,"Разпространение на преглас на о > е след стари меки шушкави съгласни във формите за множествено число на думи от типа ключове, ножове < србълг. ключеви, ножвн"
Ф 56,bda,I-III,Фонетика,56,114,112,"Наличие или отсъствие на гласна о на мястото на стара прегласена гласна е в думи от типа козе, овче, срв. стб. овъче"
Ф 57,bda,I-III,Фонетика,57,115,113,"Наличие или отсъствие на гласна о на мястото на стара прегласена гласна е в думи от типа наше, ваше < стб. наш, ваше"
Ф 58,bda,I-III,Фонетика,58,116,114,Наличие или отсъствис на гласна о на мястото на стара прегласена гласна е в думата кое < стб. кок
Ф 59,bda,I-III,Фонетика,59,117,115,Вид на гласната след цу (ж) в думата джоб
Ф 60,bda,I-III,Фонетика,60,118,116,"Наличие или отсъствие на съгласна Й в началото на думата. ябълка < србълг. авлъко, влъко"
Ф 61,bda,I-III,Фонетика,61,119,117,"Наличие или отсъствис на съгласна й в началото на думата. агне < стб. АГНА, АГНЪЦЬ, ПАГНЪЦЬ"
Ф 62,bda,I-III,Фонетика,62,120,118,"Наличие или отсъствие на съгласна й в началото на думи от типа есен, едър"
Ф 63,bda,I-III,Фонетика,63,121,119,"Разпространение на явленисто изпадане на Йй в думи от типа майка, комшийка"
Ф 64,bda,I-III,Фонетика,64,122,120,Наличие или отсъствие на й в средата на думата яйце < стб. аице
Ф 65,bda,I-III,Фонетика,65,123,121,Разпространение на гласна и от дслабиализирана гласна у в думата ключ < стб. ключь
Ф 66,bda,I-III,Фонетика,66,124,122,Разпространение на гласна и от делабиализирана гласна у в думи с корен лют- < стб. лют
Ф 67,bda,I-III,Фонетика,67,125,123,"Разпространение на лабиализация на гласна и пред в след алвеолна съгласна в думи от типа заливам, нива, отивам"
Ф 68,bda,I-III,Фонетика,68,126,124,"Разпространение на лабиализация на гласна и в наставката -(л)ив на прилагателни имена от типа ленив, мълчалив < стб. хвннвъ, млъчллнвъ"
Ф 69,bda,I-III,Фонетика,69,127,125,"Наличие или отсъствие на лабиализация на гласна и в думата жив < ст, жив нн"
Ф 70,bda,I-III,Фонетика,70,128,126,Тип на коренната гласна на мястото на гласна и в думата широк < стб. широк
Ф 71,bda,I-III,Фонетика,71,129,127,Наличие или отсъствие на лабиализация на гласна е след ч в думата череша
Ф 72,bda,I-III,Фонетика,72,130,128,Наличие или отсъствис на лабиализация на гласна е след ч в думата чешма
Ф 73,bda,I-III,Фонетика,73,131,129,Наличие или отсъствие на лабиализация на гласна е пред м в думата ечемик
Ф 74,bda,I-III,Фонетика,74,132,130,Наличис или отсъствие на лабиализация на гласна е след ц (ж) в думата тенджера
Ф 75,bda,I-III,Фонетика,75,133,131,"Разпространение на лабиализация на Й във в"" след устнена гласна във форми от типа тояга, стоя, коя, срв. стб. стгимти, км"
Ф 76,bda,I-III,Фонетика,76,134,132,"Разпространение на редукция на гласна е в средата на думи като вечер, зелен < стб. кочеръ, цемнъ"
Ф 77,bda,I-III,Фонетика,77,135,133,"Наличие или отсъствие на редукция на гласната на мястото на стб. ь в суфиксна сричка в прилагателни имена от типа болен, жаден < стб. Больнъ, ЖАДЬНЪ"
Ф 78,bda,I-III,Фонетика,78,136,134,Наличие или отсъствие на редукция на гласната на мястото на стб. д в думата месец < стб. мъсаць
Ф 79,bda,I-III,Фонетика,79,137,135,"Наличие или отсъствие на редукция на гласната на мястото на стб. д В думитс девет, десет < стб. дивать, делть"
Ф 80,bda,I-III,Фонетика,80,138,136,"Разпространение на редукция на гласна е в края на думи като магаре, слънце, срв. стб. схъньце"
Ф 81,bda,I-III,Фонетика,81,139,137,"Наличис или отсъствие на редукция на гласната на мястото на стб. д в края на думи от типа агне, време < стб. агна, връмад"
Ф 82,bda,I-III,Фонетика,82,140,138,"Наличие или отсъствие на редукция на гласна а в средата на думи от типа владика, грамада, срв. стб. Клудъи минен"
Ф 83,bda,I-III,Фонетика,83,141,139,"Разпространение на редукция на гласна а в края на думи като баба, млада < стб. БАБА, МЛАДА мн"
Ф 84,bda,I-III,Фонетика,84,142,140,"Разпространение на явлението стесняване на гласна о към у в средата на думи като говеждо, горещ, събота < стб. говаждъ, горАштЪ, сКБОТА"
Ф 85,bda,I-III,Фонетика,85,143,141,"Разпространение на явлението стесняване на гласна о към ув края на думи от типа гърло, лято, чедо < стб. гръло, АВТО, ЧАД"
Ф 86,bda,I-III,Фонетика,86,144,142,Наличис или отсъствие на акавизъм на неударена гласна 0
Ф 87,bda,I-III,Фонетика,87,145,143,"Запазване или незапазванс на гласна е в началото на думата един < стб. сдинъ, кдинъ, КДъНЪ"
Ф 88,bda,I-III,Фонетика,88,146,144,"Вид на гласната в затворената сричка на думата един < стб. сдинъ, кдинъ, кдънъ"
Ф 89,bda,I-III,Фонетика,89,147,145,Вид на гласната в думата нос
Ф 90,bda,I-III,Фонетика,90,148,146,Застъпници на стб. гласна о в думата нощ < стб. ношть
Ф 91,bda,I-III,Фонетика,91,149,147,Вид на гласната в края на думата небе < стб. нево
Ф 92,bda,I-III,Фонетика,92,150,148,Наличие или отсъствие на коренна гласна о в думата забрави
Ф 93,bda,I-III,Фонетика,93,151,149,Запазване или незапазване на съгласна л в думата човек < стб. чюввкълши
Ф 94,bda,I-III,Фонетика,94,152,150,Вид на съгласната пред ч в думата момче
Ф 95,bda,I-III,Фонетика,95,153,151,Разпространение на форми с н в думата вътре < стб. вънжтрь
Ф 96,bda,I-III,Фонетика,96,154,152,Разпространение на мека съгласна л в думата сол < стб. соль
Ф 97,bda,I-III,Фонетика,97,155,153,Запазване или незапазване на мека съгласна н в думата ден < стб. дьнь. Карта
Ф 98,bda,I-III,Фонетика,98,156,154,
Ф 99,bda,I-III,Фонетика,99,157,155,Запазване или незапазване на мека съгласна н в думата огън < стб. огнь.... Ф 98 Наличие или отсъствие на мека съгласна н в думата кон < стб. конь
Ф 100,bda,I-III,Фонетика,100,158,156,"Разпространение на мека съгласна н в края на думи от типа въглен, сапун"
Ф 101,bda,I-III,Фонетика,101,159,157,"Разпространение на мека съгласна р в края на думи от типа девер, овчар, пазар"
Ф 102,bda,I-III,Фонетика,102,160,158,Наличис или отсъствие на мека съгласна в края на думата зет < стб. цать
Ф 103,bda,I-III,Фонетика,103,161,159,Наличис или отсъствие на мска съгласна в края на думата път < стб. пать
Ф 104,bda,I-III,Фонетика,104,162,160,"Разпространение на мека съгласна к в края на думи ог типа език, памук"
Ф 105,bda,I-III,Фонетика,105,163,161,"Разпространенис на явлението преход на съгласните т, д” (т”, д”) в к”, г” (К, Г) пред задни Йотувани гласни във форми от типа братя, дявол < сб. прАтъщ, ЦАТнА, Аншвода"
Ф 106,bda,I-III,Фонетика,106,164,162,"Разпространение на явлението преход на съгласните т"", д"" (т”, д”) в к”, г” (К, Г) пред предни гласни е, и и пред й във форми от типа гости, грозде < стб. гостък, гетик, гродаък, грордик"
Ф 107,bda,I-III,Фонетика,107,165,163,"Разпространение на мека съгласна к в наставка -ка в думи като май! ръкойка, люлка, селянка"
Ф 108,bda,I-III,Фонетика,108,166,164,"Запазване или незапазване на мека съгласна л пред задна гласна в думи от типа ключ, неделя < стб. ключь, недвма"
Ф 109,bda,I-III,Фонетика,109,167,165,"Разпространение на преход на лв Й в думи от типа зеле, поле < стб. улнк, ЗСАЪК, ПОАК минен ии"
Ф 110,bda,I-III,Фонетика,110,168,166,"Разпространение на тип мека съгласна л пред твърда сричка в думи като зелка, болна"
Ф 111,bda,I-III,Фонетика,111,169,167,"Разпространение на тип мека съгласна л пред мека сричка в думи като зелки, болни"
Ф 112,bda,I-III,Фонетика,112,170,168,"Запазване или незапазване на коренната съгласна к във форми за първо лице единствено число и трето лице множествено число сегашно време на глаголи от типа пека, сека < стб. пекж, свкж, покжтъ, свкжтъ"
Ф 113,bda,I-III,Фонетика,113,171,169,Запазване или незапазване на съгласна г в корена на минало деятелно причастие могъл < стб. моглъ
Ф 114,bda,I-III,Фонетика,114,172,170,"Запазване или незапазване на спентетична съгласна във формите на съществителното име земя < стб. гемма, тем"
Ф 115,bda,I-III,Фонетика,115,173,171,Разпространение на явлението антиципация на мекостта на съгласната или на й
Ф 116,bda,I-III,Фонетика,116,174,172,"Разпространение на явленисто изпадане на съгласна в пред лабиални гласни в началото на думи от типа вол, вода < стб. волъ, водА"
Ф 117,bda,I-III,Фонетика,117,175,173,"Тип на звука на мястото на в пред плавна съгласна в корена на думи като време, ври < стб. врвма, вървтн"
Ф 118,bda,I-III,Фонетика,118,176,174,"Тип на представката на мястото на стб. въ- пред сонорна съгласна в думи като влезе, внесе < стб. въмвсти, вънестн.. нн"
Ф 119,bda,I-III,Фонетика,119,177,175,Тип на началния звук в думата вътре < стб. вънжтуь
Ф 120,bda,I-III,Фонетика,120,178,176,"Тип на краесловната съгласна в думи като глупав, жив, кървав, срв, стб. живъ, крававъ.. аааеанеаннанаа неин"
Ф 121,bda,I-III,Фонетика,121,179,177,Тип на предлога на мястото на в | във < стб. въ
Ф 122,bda,I-III,Фонетика,122,180,178,"Тип на звука, резултат от сандхи, в предлога в (във) пред думи, които започват с гласна или сонор.. Ще Сайеан"
Ф 123,bda,I-III,Фонетика,123,181,179,"Тип на съгласната на мястото на ф пред предни гласни еи и в началото на думи като фитил, фенер.. ИВЕТИЕЛЕН"
Ф 124,bda,I-III,Фонетика,124,182,180,"Тип на съгласната на мястото на ф между гласни в думи като кофа, Стефан"
Ф 125,bda,I-III,Фонетика,125,183,181,"Тип на съгласната на мястото на ф пред бсззвучна съгласна в средата на думи като тефтер, рафт, кюфте, цъфти аи"
Ф 126,bda,I-III,Фонетика,126,184,182,Запазванс или незапазванс на съгласна 8 в началото на думата звезда < сТ6
Ф 127,bda,I-III,Фонетика,127,185,183,Запазванс или нсзапазване на съгласна з в думата сълза < стб. слъфА
Ф 128,bda,I-III,Фонетика,128,186,184,"Запазване или незапазване на съгласна з в думи с корен зад-, срв. стб. зуди"
Ф 129,bda,I-III,Фонетика,129,187,185,"Разпространение на съгласната щ на мястото на стб. ж в домашни думи от типа лъжица, държава, срв. стб. дуъжъва. именна"
Ф 130,bda,I-III,Фонетика,130,188,186,Запазване или незапазване на съгласна ж в началото на думата желязо < стб. желво
Ф 131,bda,I-III,Фонетика,131,189,187,"Разпространение на съгласна ж на мястото на ц в чужди думи от типа джам, джоб, патладжан"
Ф 132,bda,I-III,Фонетика,132,190,188,"Запазване или изпадане на съгласна х пред гласна в началото на думи като хитър, ходя < стб. хътръ, Ходитн"
Ф 133,bda,I-III,Фонетика,133,191,189,"Запазванс или изпаданс на съгласна х пред плавни съгласни в началото: на думи като хладен, храня < стб. хлудънъ, храннтн"
Ф 134,bda,I-III,Фонетика,134,192,190,"Тип на съгласната на мястото на х между гласни в думи като мащеха, снаха"
Ф 135,bda,I-III,Фонетика,135,193,191,"Тип на съгласната на мястото на х между гласни във формите на прилагателни имена като глуха, суха < стб. ГЛОЧХА, ОМХА нн. 193 у: У: ЧА , ЧХ"
Ф 136,bda,I-III,Фонетика,136,194,192,"Тип на съгласната на мястото на х между гласни във формите за трето лице множествено число минало свършено време на глаголи като дадоха, донесоха < србълг. дАдохж, донкохж"
Ф 137,bda,I-III,Фонетика,137,195,193,"Тип на съгласната на мястото на х между гласни във формите за трето лице множествено число минало несвършено време на глаголи като беряха, молеха < стб. върахж, молааха .. нн"
Ф 138,bda,I-III,Фонетика,138,196,194,"Тип на съгласната на мястото на х в средата на думата пред сонорна съгласна в думи като бяхме, махни, техни .. ти „196"
Ф 139,bda,I-III,Фонетика,139,197,195,"Тип на съгласната на мястото на х в края на съществителни имена като смях, рах < стб. смъхъ, страхв"
Ф 140,bda,I-III,Фонетика,140,198,196,"Тип на съгласната на мястото на х в края на формите за първо лице единствено число минало свършено време при глаголи от Ги П спрежение като 198 рекох, брах, търпях, стоях, молих < стб. рекохъ, върмхъ, тръпъхъ, стомхъ, молнХъ"
Ф 141,bda,I-III,Фонетика,141,199,197,"Тип на съгласната на мястото на х в края на формите за първо лице единствено число минало несвършено време при глаголи от Ги П спрежение като берях, посех, можех, стоях, бисх < ст. пърмаха, иссваха, мождахъ, СТИМАХ, ВИААХЪ и... 190 арта Хе Ф 142 Разпространение на сричкотворно р (р) от стб. сонантни ра, фь и от стб. първични групи р5, рь .. ща"
Ф 142,bda,I-III,Фонетика,142,200,198,
Ф 143,bda,I-III,Фонетика,143,201,199,"Застъпници на стб. сричкотворни ръ, фь и на първични групи ра, рь между, съгласни в едносрични думи като връх, пръв, кръв < стб. връхъ, Пръвъ, КръвБ сл"
Ф 144,bda,I-III,Фонетика,144,202,200,"Застъпници на стб. сричкотворни 5, фь и на стб. първични групи ра, фь пред една съгласна в многосрични думи като въртоп, държа, зърно, кърма, кървав < стб. врътъпъ, дръжати, дън, кръмнтн, кръвавъ"
Ф 145,bda,I-III,Фонетика,145,203,201,"Застъпници на стб. сричкотворни в, фь и на стб. първични групи ра, рь пред две съгласни в многосрични думи като грънчар, пръстен, кръстен < стб. гръньч,уь, пръстень, крьстънъ"
Ф 146,bda,I-III,Фонетика,146,204,202,"Разпространение на сричкотворно л (п) от стб. сонантни лъ, ль и от стб. първични групи Лъ, ль"
Ф 147,bda,I-III,Фонетика,147,205,203,"Застъпници на стб. сричкотворни хъ, ль и на първични групи ла, ль пред една съгласна в многосрични думи като гълтам, сълза < стб. глътАти, слъдд"
Ф 148,bda,I-III,Фонетика,148,206,204,"Застъпници на стб. сричкотворни лъ, ль и на първични групи лър ль пред две съгласни в многосрични думи от типа поглъщам, слънце < стб. поГЛЪШТАТИ, слънъци"
Ф 149,bda,I-III,Фонетика,149,207,205,"Застъпници на стб. сричкотворни ла, ль и на първични групи ла, ль след устнени съгласни в многосрични думи като вълна, пълна < стб. ВЛБНА, ПЛБНА"
Ф 150,bda,I-III,Фонетика,150,208,206,Застъпници на първична сричкотворна плавна съгласна л след устнена съгласна в думата вълк < стб. влькъ
Ф 151,bda,I-III,Фонетика,151,209,207,Застъпници на сричкотворна плавна съгласна в думи с корен дълг: < стб. длъгъ нн 210)
Ф 152,bda,I-III,Фонетика,152,210,208,Вид на съчетанието ъл в думата жълт
Ф 153,bda,I-III,Фонетика,153,211,209,"Застъпници на съчстанието шт < прасл. #4 в думи от типа свещи, пращам < стб. севшти, ПрштАти"
Ф 154,bda,I-III,Фонетика,154,212,210,Застъпници на съчетанието шт < прасл. #К) в думата нощови
Ф 155,bda,I-III,Фонетика,155,213,211,Застъпници на съчетанисто шт < прасл. “(в думата дъщеря Сщерка) < стб. дъшти
Ф 156,bda,I-III,Фонетика,156,214,212,Застъпници на съчстанието шт < прасл. УКь в думата нощ < стб. пошть
Ф 157,bda,I-III,Фонетика,157,215,213,"Разпространение на явленисто преход на шт в к"" в думата вече < стб. вашите"
Ф 158,bda,I-III,Фонетика,158,216,214,"Застъпници на съчетанието жд < прасл. #4) в думи от типа межда, ражда < стб. мода, раждати"
Ф 159,bda,I-III,Фонетика,159,217,215,Застъпници на съчетанието жд < прасл. 4 във формите на думата вежда < стб. въжда
Ф 160,bda,I-III,Фонетика,160,218,216,"Застъпници на съчетанисто жд < прасл. #4) в думата чужди < стб. тока, тофидь, стофжда. й"
Ф 161,bda,I-III,Фонетика,161,219,217,"Тип на съчетанисто на мястото на стб. чуь- в думи като черен, червен, червей < стб. чрънъ, чръвенъ, чръвъ"
Ф 162,bda,I-III,Фонетика,162,220,218,"Тип на съчетанисто на мястото на ми в думата тъмно, срв, стб. тъмьница"
Ф 163,bda,I-III,Фонетика,163,221,219,Разпространение на съчетанисто ви на мястото на ми в думата помия < стб. помьнвтн
Ф 164,bda,I-III,Фонетика,164,222,220,Тип на съчетанието на мястото на ми в думата стомна
Ф 165,bda,I-III,Фонетика,165,223,221,"Разпространение на съчетание ми на мястото на ви в думи като плевия, равно < стб. ПУБВЪНИЦА, равъно"
Ф 166,bda,I-III,Фонетика,166,224,222,"Разпространение на съчетание ни на мястото на дн в думи като бедна, пладне < стб. БЪДЬНА, ПЛАДЪННК, ПЛАДЬНЬК"
Ф 167,bda,I-III,Фонетика,167,225,223,"Разпространенис на съгласна к във формата нокти, срв. стб. и"
Ф 168,bda,I-III,Фонетика,168,226,224,Запазване или изпадане на съгласна в в думата двор < стб. дкорв. „
Ф 169,bda,I-III,Фонетика,169,227,225,Разпространение на явлението изпадане на съгласна в в съчстание тв в думата твой < стб. твон
Ф 170,bda,I-III,Фонетика,170,228,226,"Разпространение на явлението изпадане на съгласни ти дв съчетания стр, здр в думи като сестра, здрав, срв. стб. астра"
Ф 171,bda,I-III,Фонетика,171,229,227,"Разпространение на спентетична съгласна д в съчетание зр в думи като зрея, възрастен, срв. стб, въдрасти, къдраст"
Ф 172,bda,I-III,Фонетика,172,230,228,"Разпространение на спентетична съгласна т в съчетание ср в думи ка срам, сряда < стб. ам, стрмъ срвАд 2230 Б. КОМЕНТАРИ КЪМ КАРТИТЕ 231 . СПИСЪК НА КОМПЛЕКТИТЕ ОТ РЕГИОНАЛНИ КАРТИ. Г. ПОКАЗАЛЕЦ НА КАРТОГРАФИРАНИТЕ ЗВУКОВЕ, СЪЧЕТАНИЯ, ФОРМИ, ДУМИ и НА ВКЛЮЧЕНИТЕ СТАРОБЪЛГАРСКИ СЪОТВЕТСТВИЯ... я 266 П. АКЦЕНТОЛОГИЯ.. А. КАРТИ"
А 1,bda,I-III,Акцентология,1,285,283,Ударение в съществителното име огън
А 2,bda,I-III,Акцентология,2,286,284,Ударсние в съществителното имс вътъ
А 3,bda,I-III,Акцентология,3,287,285,"Ударение във формите за сдинствено число на двусричните съществителни имена от женски род -- общи названия от типа брада, глава... „"
А 4,bda,I-III,Акцентология,4,288,286,"Ударснис във формите за единствено число на съществителните имена от род -- названия за лица жена, мома"
А 5,bda,I-III,Акцентология,5,289,287,"Ударсние във формите род ог типа земя, змия д единствено число на съществителните имена от женски Хе Аб Ударсние в съществителното име стърва Хе А 7 Ударсние в съществителното име мотика"
А 6,bda,I-III,Акцентология,6,290,288,
А 7,bda,I-III,Акцентология,7,291,289,
А 8,bda,I-III,Акцентология,8,292,290,Ударенис в съществителното име брашно
А 9,bda,I-III,Акцентология,9,293,291,Ударенис в съществителното име вино
А 10,bda,I-III,Акцентология,10,294,292,Ударсние в съществителното имс въже
А 11,bda,I-III,Акцентология,11,295,293,Ударсние в съществителното име гърне
А 12,bda,I-III,Акцентология,12,296,294,Ударсние в съществителното име дете
А 13,bda,I-III,Акцентология,13,297,295,Ударенис в съществителното име дърво
А 14,bda,I-III,Акцентология,14,298,296,Ударснис в съществителното име злато
А 15,bda,I-III,Акцентология,15,299,297,Ударснис в съществителното име кроси
А 16,bda,I-III,Акцентология,16,300,298,Ударснис в съществителното име месо
А 17,bda,I-III,Акцентология,17,301,299,Ударение в съществителното име момче... з
А 18,bda,I-III,Акцентология,18,302,300,Ударение във формите на съществителното име небе
А 19,bda,I-III,Акцентология,19,303,301,Ударсние в съществителното име око
А 20,bda,I-III,Акцентология,20,304,302,Ударсние в съществителното име перо
А 21,bda,I-III,Акцентология,21,305,303,Ударснис в съществителното име платно
А 22,bda,I-III,Акцентология,22,306,304,Ударсние в съществителното име село
А 23,bda,I-III,Акцентология,23,307,305,Ударение в съществителното име сено
А 24,bda,I-III,Акцентология,24,308,306,Ударение в съществителното име сребро
А 25,bda,I-III,Акцентология,25,309,307,Ударение в съществителното име теле
А 26,bda,I-III,Акцентология,26,310,308,Ударснис в съществителното име ухо
А 27,bda,I-III,Акцентология,27,311,309,Ударенис в съществителното име хоро
А 28,bda,I-III,Акцентология,28,312,310,Ударенис в съществителното име чело
А 29,bda,I-III,Акцентология,29,313,311,Ударенис в съществителното име яйце „
А 30,bda,I-III,Акцентология,30,314,312,Ударение във формата за множествено число на съществителното име ВОЛ -- ВОЛОВЕ... Е. мнооо 384
А 31,bda,I-III,Акцентология,31,315,313,Ударсние в двусричните форми за множествено число на съществителното имс кон - коне. ааанааатонвоаа
А 32,bda,I-III,Акцентология,32,316,314,Ударснис в двусричните форми за множествено число на съществителното име мъж - мъже. нн
А 33,bda,I-III,Акцентология,33,317,315,"Ударенис във формите за множествено число на двусрични деятелни имена от мъжки род, образувани с наставки -йч, -ар от типа косач, овчар - косачи, овчари"
А 34,bda,I-III,Акцентология,34,318,316,"Ударснис във формите за множествено число на двусричните съществителни имена от женски род -- общи названия от типа брада, глава -- бради, глави"
А 35,bda,I-III,Акцентология,35,319,317,"Ударение във формите за множествено число на съществителните имена. от женски род -- названия за лица жена, мома - жени, моми"
А 36,bda,I-III,Акцентология,36,320,318,Ударсние във формите за множествено число на съществителното име овца -- овце
А 37,bda,I-III,Акцентология,37,321,319,Ударенис във формите за множествено число на съществителното име Ръка -- ръцеинененененененеа
А 38,bda,I-III,Акцентология,38,322,320,Ударение във формите за множествено число на съществителното име свиня -- свине пин ана МИНИИЕ уо
А 39,bda,I-III,Акцентология,39,323,321,"Ударение във формите за множествено число на съществителните имена от среден род от типа гнездо, място -- гнезда, места. ие нн"
А 40,bda,I-III,Акцентология,40,324,322,"Ударение във формите за множествено число на съществителните имена око, ухо - очи, уши"
А 41,bda,I-III,Акцентология,41,325,323,Ударение във формите за множествено число на съществителното име дърво -> дърва
А 42,bda,I-III,Акцентология,42,326,324,Ударенис във формата за множествено число на съществителното име село -- села
А 43,bda,I-III,Акцентология,43,327,325,Ударение във формата за множествено число на съществителното име е -- яйца
А 44,bda,I-III,Акцентология,44,328,326,Ударенис във формите за множествено число на съществителното име коляно -- колена | колене. В И инч
А 45,bda,I-III,Акцентология,45,329,327,"Ударение в членуваните форми за сдинствено число на сдносричните съществи- телни имена от мъжки род от типа бряг, град - брегът // брега, градът // града"
А 46,bda,I-III,Акцентология,46,330,328,Ударение в членуваната форма за сдинствено число на съществителното име брашно -> брашното... пииии
А 47,bda,I-III,Акцентология,47,331,329,Ударение в членуваната форма за сдинствено число на съществителното име кросно - кросното...... „За
А 48,bda,I-III,Акцентология,48,332,330,Ударенис в членуваната форма за сдинствено число на съществителното име мляко -> млякото... ни ен
А 49,bda,I-III,Акцентология,49,333,331,Ударсние в членуваната форма на съществителното име момче -- момчето
А 50,bda,I-III,Акцентология,50,334,332,Ударение в членуваната форма за сдинствено число на съществителното име село -- селото
А 51,bda,I-III,Акцентология,51,335,333,"Ударснис в членуваните форми за множествено число на едносричните съществителни имена от мъжки род (без гласна о в корена) от типа град, син -- градовете, синовете"
А 52,bda,I-III,Акцентология,52,336,334,Ударснис в членуваните форми за множествено число на съществителното име вол -- воловете
А 53,bda,I-III,Акцентология,53,337,335,Ударение в трисричните членувани форми за множествено число на съществителното име кон -- конете
А 54,bda,I-III,Акцентология,54,338,336,Ударение в трисричните членувани форми за множествено число на съществителното име мъж -- мъжете
А 55,bda,I-III,Акцентология,55,339,337,"Ударенис в членуваните форми за множествено число на двусрични деятелни имена от мъжки род, образувани с наставки -ач, -ар от типа косач, овчар -- косачите, овчарите. 13 Карта. Карта Карта Карта Карта Карта Карта. Карта Карта Карта Карта Карта Карта Карта Карта Карта Карта Карта Карта Карта Карта Карта Карта Карта Карта Карта Карта А 56 Ударенис в членуваната форма за множествено число на съществителното име глава -- главите... Хе А 57 Ударение в членуваната форма за множествено число на съществителното име жена - жените Хе А 58 Ударение в членуваните форми за множествено число на съществителното име овца -- овцете. Хед 59 Ударснис в членуваните форми за множествено число на съществителните. имена око, ухо -- очите, ушите Хе А 60 Ударение в члснуваната форма за множествено число на съществителното име село -- селата Хе А 61 Ударение в членуваната форма за множествено число на съществителното име яйце -- яйцата. е А 62 Ударсние в членуваните форми за множествено число на съществителното. име коляно -- колената // коленете А 63 Ударение в прилагателното име добър ........ МА 64 Ударение в прилагателното име бяла... 342 343 344 ХА 65 Разпространение на окситонно ударение в прилагателното име млада. МА 66 Ударенис в притежателните местоимения мое, твое... А 67 Ударение във формите за първо лице единствено число сегашно време на глаголи от | спрежение от типа преда, мета. ед 68 Ударение във формите за първо лице единствено число сегашно време глагола бера е А 69 Ударение във формите за първо лице единствено число сегашно време глаголи от П спрежение от типа редя, садя........... МА 70 Ударенис във формите за първо лице единствено число сегашно време трисрични префигирани глаголи от Ги П спрежение от типа доведа, поседя ... на на при Хе А 71 Ударение в двусричните форми за трето лице множествено число сегашно време на глаголи от П спрежение от типа доя, кроя - доят, кроят. ХА 72 Разпространение на ортотоничен модел на отрицание на предиката (в първо лице единствено число сегашно време) от типа не видя........ Хе А 73 Ударсние във формите за второ лице единствено число повелително наклонение на глаголи от Ги П спрежение от типа преда, водя - преди, води. А 74 Ударенис във формите за второ лице сдинствено число повелително наклонение на префигирани глаголи от Ти П спрежение от типа набера, запаля - набери, запали... Ме А 75 Ударение във формите за второ лице множествено число повелително. наклонение на глаголи от Ги П спрежение от типа бера, водя -- берете, водете.... Хе А 76 Ударение във формите за второ лице множествено число повелително. наклоненис на префигирани глаголи от Ги П спрежение от типа набера, запаля -- наберете, запалете. МА 77 Ударение в двусричните форми за първо лице единствено число минало несвършено време на глаголи от Ги П спреженис от типа бера, седя - берях, седях. Ме А 78 Ударение в двусричните форми за първо лице единствено число минало несвършено време на глаголи от П спрежение от типа доя, кроя -- доях, кроях.. 355 356 357 358 359. 360 361 Хед 79 Ударение във формите за първо лице сдинствено число минало свършено. време на глаголи от 1 спрежение от типа мина, стана - минах, станах Ме А 80 Ударснис във формите за първо лице сдинствсно число минало свършено времс на глаголи от П спрежение от типа ходя, нося -> Ходих, нОсиХ. нн. Хе А 81 Ударение във формите за първо лице единствено число минало свършено. време на глагола видя -- видях. 364 Хед 82 Ударсние във формите за първо лице сдинствено число минало свършено време на префигирани глаголи от Ги П спрежение от типа разкажа, оженя -- разказах, ожених.. 14 Ш. ЛЕКСИКА"
А 56,bda,I-III,Акцентология,56,340,338,
А 57,bda,I-III,Акцентология,57,341,339,
А 58,bda,I-III,Акцентология,58,342,340,
А 59,bda,I-III,Акцентология,59,343,341,
А 60,bda,I-III,Акцентология,60,344,342,
А 61,bda,I-III,Акцентология,61,345,343,
А 62,bda,I-III,Акцентология,62,346,344,
А 63,bda,I-III,Акцентология,63,347,345,
А 64,bda,I-III,Акцентология,64,348,346,
А 65,bda,I-III,Акцентология,65,349,347,
А 66,bda,I-III,Акцентология,66,350,348,
А 67,bda,I-III,Акцентология,67,351,349,
А 68,bda,I-III,Акцентология,68,352,350,
А 69,bda,I-III,Акцентология,69,353,351,
А 70,bda,I-III,Акцентология,70,354,352,
А 71,bda,I-III,Акцентология,71,355,353,
А 72,bda,I-III,Акцентология,72,356,354,
А 73,bda,I-III,Акцентология,73,357,355,
А 74,bda,I-III,Акцентология,74,358,356,
А 75,bda,I-III,Акцентология,75,359,357,
А 76,bda,I-III,Акцентология,76,360,358,
А 77,bda,I-III,Акцентология,77,361,359,
А 78,bda,I-III,Акцентология,78,362,360,
А 79,bda,I-III,Акцентология,79,363,361,
А 80,bda,I-III,Акцентология,80,364,362,
А 81,bda,I-III,Акцентология,81,365,363,
А 82,bda,I-III,Акцентология,82,366,364,
А 83,bda,I-III,Акцентология,83,367,365,"Ударение във формите за трето лице множествено число минало свършено времс на глаголи от Ги П спрежение от типа мина, пратя -- минаха, пратиха"
А 84,bda,I-III,Акцентология,84,368,366,"Ударение във формите за трето лице множествено число минало свършено време на префигирани глаголи от Ги П спрежение от типа измина, изпратя -- изминаха, изпратиха"
А 85,bda,I-III,Акцентология,85,369,367,"Ударенис в двусричните форми за мъжки род сдинствено число на минало свършено деятелно причастие на глаголи от Ги П спрежение от типа мина, ходя - минал, ходил"
А 86,bda,I-III,Акцентология,86,370,368,"Ударение в двусричните форми за мъжки род единствено число на минало свършено деятелно причастис на глагола видя -> видял... а РА 87 Ударенис във формите за мъжки род сдинствено число на минало свършено деятелно причастие на префигирани глаголи от Ги П спрежение от типа измина, запаля -> изминал, запалил"
А 87,bda,I-III,Акцентология,87,371,369,
А 88,bda,I-III,Акцентология,88,372,370,Ударенис във формите за множествено число на минало свършено деятелно причастие на глагола съм -- били... Б. КОМЕНТАРИ КЪМ КАРТИТЕ В. СПИСЪК НА КОМПЛЕКТИТЕ ОТ РЕГИОНАЛНИ КАРТИ. Г. ПОКАЗАЛЕЦ НА КАРТОГРАФИРАНИТЕ ДУМИ И ФОРМИ... А. КАРТИ
Л 1,bda,I-III,Лексика,1,395,393,Названия за покрита тераса пред къщата
Л 2,bda,I-III,Лексика,2,396,394,"Названия за помещението, в което се спи"
Л 3,bda,I-III,Лексика,3,397,395,Названия за възглавница
Л 4,bda,I-III,Лексика,4,398,396,Названия за кюнец
Л 5,bda,I-III,Лексика,5,399,397,Названия за дим. Карта Хе Л. 6 Названия за софра
Л 6,bda,I-III,Лексика,6,400,398,
Л 7,bda,I-III,Лексика,7,401,399,Названия за вилица
Л 8,bda,I-III,Лексика,8,402,400,Названия за нощви
Л 9,bda,I-III,Лексика,9,403,401,Названия за чутура
Л 10,bda,I-III,Лексика,10,404,402,Названия за стомна
Л 11,bda,I-III,Лексика,11,405,403,Названия за котел
Л 12,bda,I-III,Лексика,12,406,404,"Названия за дръжка на котел, кофа"
Л 13,bda,I-III,Лексика,13,407,405,Названия за дръжка на кошница
Л 14,bda,I-III,Лексика,14,408,406,Названия за домашен тъкачен ста
Л 15,bda,I-III,Лексика,15,409,407,Названия за ватала на домашен тъкачен стан
Л 16,bda,I-III,Лексика,16,410,408,Названия за бърдо на домашен тъкачен ста
Л 17,bda,I-III,Лексика,17,411,409,Названия за подножки на домашен тъкачен стан
Л 18,bda,I-III,Лексика,18,412,410,Названия за нищелки на домашен тъкачен ста
Л 19,bda,I-III,Лексика,19,413,411,Названия за вар
Л 20,bda,I-III,Лексика,20,414,412,Названия за обедно ядене
Л 21,bda,I-III,Лексика,21,415,413,Названия за следобедно ядеш
Л 22,bda,I-III,Лексика,22,416,414,Названия за прясна пита
Л 23,bda,I-III,Лексика,23,417,415,Названия за сарми
Л 24,bda,I-III,Лексика,24,418,416,Названия за пръжки
Л 25,bda,I-III,Лексика,25,419,417,"Названия за извара, приготвена от цвик на сирене"
Л 26,bda,I-III,Лексика,26,420,418,"Названия за извара, приготвена от мляко"
Л 27,bda,I-III,Лексика,27,421,419,Названия за кисело зеле
Л 28,bda,I-III,Лексика,28,422,420,Названия за качамак
Л 29,bda,I-III,Лексика,29,423,421,Названия
Л 30,bda,I-III,Лексика,30,424,422,Названия за 606
Л 31,bda,I-III,Лексика,31,425,423,Названия за картофи. царевица
Л 32,bda,I-III,Лексика,32,426,424,Названия за домати
Л 33,bda,I-III,Лексика,33,427,425,Названия за зеле
Л 34,bda,I-III,Лексика,34,428,426,Названия за диня
Л 35,bda,I-III,Лексика,35,429,427,Названия за пъпеш
Л 36,bda,I-III,Лексика,36,430,428,"Названия за стебло на тиква, диня и др"
Л 37,bda,I-III,Лексика,37,431,429,Названия за дървото черница
Л 38,bda,I-III,Лексика,38,432,430,Названия за плода на черницата
Л 39,bda,I-III,Лексика,39,433,431,Названия за кучета
Л 40,bda,I-III,Лексика,40,434,432,Названия за котка
Л 41,bda,I-III,Лексика,41,435,433,Названия за котарак
Л 42,bda,I-III,Лексика,42,436,434,Названия за мишка
Л 43,bda,I-III,Лексика,43,437,435,Названия за добитък
Л 44,bda,I-III,Лексика,44,438,436,Названия за опашка на животно
Л 45,bda,I-III,Лексика,45,439,437,Названия за пуйка
Л 46,bda,I-III,Лексика,46,440,438,Названия за пуяк
Л 47,bda,I-III,Лексика,47,441,439,Названия за пати
Л 48,bda,I-III,Лексика,48,442,440,Названия за щъркел
Л 49,bda,I-III,Лексика,49,443,441,Названия за птичка
Л 50,bda,I-III,Лексика,50,444,442,Названия за човка на птица
Л 51,bda,I-III,Лексика,51,445,443,Названия за копринена буба
Л 52,bda,I-III,Лексика,52,446,444,Названия за пашкул на копринена буба
Л 53,bda,I-III,Лексика,53,447,445,Названия на помещението за едър добитък... 448
Л 54,bda,I-III,Лексика,54,448,446,Названия за кладенец
Л 55,bda,I-III,Лексика,55,449,447,Названия за харман
Л 56,bda,I-III,Лексика,56,450,448,Названия за брадва
Л 57,bda,I-III,Лексика,57,451,449,Названия за търнокоп
Л 58,bda,I-III,Лексика,58,452,450,Названия за мотика
Л 59,bda,I-III,Лексика,59,453,451,"Названия за дръжка на сечиво, брадва, мотика и др"
Л 60,bda,I-III,Лексика,60,454,452,Названия за пирои
Л 61,bda,I-III,Лексика,61,455,453,Названия за рало
Л 62,bda,I-III,Лексика,62,456,454,Названия за палешник
Л 63,bda,I-III,Лексика,63,457,455,Названия за межда
Л 64,bda,I-III,Лексика,64,458,456,Названия за волска кола
Л 65,bda,I-III,Лексика,65,459,457,Названия за колело
Л 66,bda,I-III,Лексика,66,460,458,Названия за шейна
Л 67,bda,I-III,Лексика,67,461,459,Названия за скреж
Л 68,bda,I-III,Лексика,68,462,460,Названия за гръм
Л 69,bda,I-III,Лексика,69,463,461,Названия за крак
Л 70,bda,I-III,Лексика,70,464,462,Названия за малкия пръст на ръката
Л 71,bda,I-III,Лексика,71,465,463,Названия за устни
Л 72,bda,I-III,Лексика,72,466,464,Названия за буза
Л 73,bda,I-III,Лексика,73,467,465,Названия за плесница
Л 74,bda,I-III,Лексика,74,468,466,Названия за юмрук
Л 75,bda,I-III,Лексика,75,469,467,Названия за косъм
Л 76,bda,I-III,Лексика,76,470,468,Названия за пот
Л 77,bda,I-III,Лексика,77,471,469,Названия за риза
Л 78,bda,I-III,Лексика,78,472,470,Названия за калпак
Л 79,bda,I-III,Лексика,79,473,471,Названия за цървул
Л 80,bda,I-III,Лексика,80,474,472,Названия за ямурлук
Л 81,bda,I-III,Лексика,81,475,473,Названия за обици
Л 82,bda,I-III,Лексика,82,476,474,Названия за грив
Л 83,bda,I-III,Лексика,83,477,475,Названия за мъниста
Л 84,bda,I-III,Лексика,84,478,476,"Глаголи със значение ""зова, призовавам”"
Л 85,bda,I-III,Лексика,85,479,477,"Глаголи със значенис ""викам високо”"
Л 86,bda,I-III,Лексика,86,480,478,"Глаголи със значенис ""искам"" Карта 96 Прилагателни имена със значение вкусен” в съчетанието вкусна манджа"
Л 87,bda,I-III,Лексика,87,481,479,"Глаголи със значение ""не искам”"
Л 88,bda,I-III,Лексика,88,482,480,Глаголи със значение късам”
Л 89,bda,I-III,Лексика,89,483,481,"Глаголи със значение ""купам”"
Л 90,bda,I-III,Лексика,90,484,482,"Глаголи със значенис ""бързам"""
Л 91,bda,I-III,Лексика,91,485,483,"Глаголи със значение ""обърша” в съчетанието обърши си ръцете"
Л 92,bda,I-III,Лексика,92,486,484,Глаголи със значение залязва” в съчетанисто слънцето залязва
Л 93,bda,I-III,Лексика,93,487,485,"Глаголи със значение ""вали"" (дъжд)"
Л 94,bda,I-III,Лексика,94,488,486,Глаголни форми или частици за изразяване на забрана
Л 95,bda,I-III,Лексика,95,489,487,"Прилагателни имена със значение горещ” в съчетанието гореща вода. мл м ж с я Карта Прилагателни имена със значенис ""сладък"
Л 96,bda,I-III,Лексика,96,490,488,
Л 97,bda,I-III,Лексика,97,491,489,
Л 98,bda,I-III,Лексика,98,492,490,"Прилагателни имсна със значение ""чужди"""
Л 99,bda,I-III,Лексика,99,493,491,"Местоимения със значение ""всички"""
Л 100,bda,I-III,Лексика,100,494,492,Значения на прилагателното име мръсен
Л 101,bda,I-III,Лексика,101,495,493,Значения на прилагателното име лют < стб. лют
Л 102,bda,I-III,Лексика,102,496,494,Значения на прилагателното име чест < стб. часта
Л 103,bda,I-III,Лексика,103,497,495,Наставки за образуване на названия за белтък
Л 104,bda,I-III,Лексика,104,498,496,Наставки за образуване на названия за мравка
Л 105,bda,I-III,Лексика,105,499,497,"Вид на наставката в думата пламък < стб. плам, плдмень"
Л 106,bda,I-III,Лексика,106,500,498,Вид на наставката в думата камък < стб. кама
Л 107,bda,I-III,Лексика,107,501,499,Вид на наставката в думата кремък
Л 108,bda,I-III,Лексика,108,502,500,"Вид на наставката в думата ечемик. Б. КОМЕНТАРИ КЪМ КАРТИТЕ... В. СПИСЪК НА КОМПЛЕКТИТЕ ОТ РЕГИОНАЛНИ КАРТИ. Г. ПОКАЗАЛЕЦ НА КАРТОГРАФИРАНИТЕ ДУМИ, НАСТАВКИ, ЗНАЧЕНИЯ НА ЛЕКСЕМИ И НА ВКЛЮЧЕНИТЕ СТАРОБЪЛГАРСКИ СЪОТВЕТСТВИЯ СПИСЪК НА СЪКРАЩЕНИЯТА.. РЕЗЮМЕ НА АНГЛИЙСКИ, НЕМСКИ И РУСКИ ЕЗИК. 536 РАЗПРЕДЕЛЕНИЕ НА РАБОТАТА МЕЖДУ ЧЛЕНОВЕТЕ НА КОЛЕКТИВА"
М 1,bda4,IV,Морфология,1,27,27,Род на съществителното име вечер < ст. ксчерь.. + + 5
М 2,bda4,IV,Морфология,2,28,28,Род на съществителното име кал < стб. КААЪ.. нн
М 3,bda4,IV,Морфология,3,29,29,Род на съществителното име лой < стб. хон
М 4,bda4,IV,Морфология,4,30,30,Род на съществителното име пепел < стб. ПФПФАЪ. а
М 5,bda4,IV,Морфология,5,31,31,Род на съществителното име тел. з
М 6,bda4,IV,Морфология,6,32,32,"Окончания за множествено число на едносричните съществителни имена от мъжки род от типа град, син - градове, синове < стб. грудове, СМНОВЕ ооо"
М 7,bda4,IV,Морфология,7,33,33,Окончания за множествено число на съществителното име кон - коне < стб. вин. п. мн.ч. кон
М 8,bda4,IV,Морфология,8,34,34,Окончания за множествено число на съществителното име мъж - мъже
М 9,bda4,IV,Морфология,9,35,35,Окончания за множествено число на съществителното име гост - гости
М 10,bda4,IV,Морфология,10,36,36,Окончания за множествено число на съществителното име ден - дни
М 11,bda4,IV,Морфология,11,37,37,Окончания за множествено число на съществителното име сноп - снопи
М 12,bda4,IV,Морфология,12,38,38,"Окончания за множествено число на многосричните съществителни имена от мъжки род - названия за лица, от типа винар, гражданин, орач, учител - винари, граждани; орачи, учители"
М 13,bda4,IV,Морфология,13,39,39,"Окончания за множествено число на многосричните съществителни име- на от мъжки род - названия на предмети и животни, от типа ръкав, гълъб - ръкави, гълъби за же"
М 14,bda4,IV,Морфология,14,40,40,"Наличие или отсъствие на бройна множествена форма в думи от типа син, човек - два сина, три човека, срв. стб. дв.ч. сМнА < дава СЪНА нон"
М 15,bda4,IV,Морфология,15,41,41,"Наличие или отсъствие на бройна множествена форма в думи от типа кон, вол - три коня, три вола, срв. стб. дв.ч. кота < дъвка кома"
М 16,bda4,IV,Морфология,16,42,42,"Наличие или отсъствие на бройна множествена форма в думи от типа стол, месец - два стола, седем месеца, срв. стб. дв.ч. столл < дъка столА за #"
М 17,bda4,IV,Морфология,17,43,43,Наличие или отсъствие на бройна множествена форма в думата ден - три
М 18,bda4,IV,Морфология,18,44,44,Наличие или отсъствие на бройна множествена форма в съчетания от типа ПЕТ ПЪТИ: кскоояскчта чевсвиавацвовивтин въвсвсксаевавиви ас кобовдотннсинвинв: викне
М 19,bda4,IV,Морфология,19,45,45,"Окончания за множествено число на съществителните имена от женски род от типа глава, жена - глави, жени < стб. гллкъ, жнъ"
М 20,bda4,IV,Морфология,20,46,46,"Окончания за множествено число на съществителните имена от женски род, завършващи на съгласна, от типа нощ, радост - нощи, радости < стб. ноштн, радотн"
М 21,bda4,IV,Морфология,21,47,47,Окончания за множествено число на съществителното име овца - овце < стб. овъца. па
М 22,bda4,IV,Морфология,22,48,48,Форми за множествено число на съществителното име ръка - ръце
М 23,bda4,IV,Морфология,23,49,49,Форми за множествено число на съществителното име нога - нозе
М 24,bda4,IV,Морфология,24,50,50,Окончания за множествено число на съществителното име въже - въжета
М 25,bda4,IV,Морфология,25,51,51,Форми за множествено число на съществителното име теле - телета
М 26,bda4,IV,Морфология,26,52,52,Форми за множествено число на съществителното име пиле - пилета
М 27,bda4,IV,Морфология,27,53,53,Форми за множествено число на съществителното име име - имена < стб. НМЕНА
М 28,bda4,IV,Морфология,28,54,54,Окончания за множествено число на съществителното име коляно - колене < стб. дв.ч. колънъ; колена < стб. мн.ч. клънл
М 29,bda4,IV,Морфология,29,55,55,Форми за множествено число на съществителното име рамо - рамене < с стб. дв.ч. раменъ; рамена < стб. мн.ч. рамена
М 30,bda4,IV,Морфология,30,56,56,"Членни морфеми за единствено число след твърда съгласна в съществител- ните имена от мъжки род от типа бряг, град - брегът, градът; брега, града"
М 31,bda4,IV,Морфология,31,57,57,"Членни морфеми за единствено число след твърда съгласна в съществител- ните имена от типа вол, ръкав - волът, ръкавът; вола, ръкава"
М 32,bda4,IV,Морфология,32,58,58,Членни морфеми за единствено число на съществителното име ден - денят
М 33,bda4,IV,Морфология,33,59,59,Вид на съгласната пред членната морфема за единствено число на същест- вителното име ден
М 34,bda4,IV,Морфология,34,60,60,"Членни морфеми за единствено число при съществителните имена от мъжки род от типа път, говедар - пътят, говедарят; пътя, говедаря.. нее"
М 35,bda4,IV,Морфология,35,61,61,"Наличие или отсъствие на съгласна в членната морфема на съществителни- те имена от мъжки род единствено число от типа бряг, вол, ден, път - брегът, брега; волът, вола; денят, деня; ПЪТЯТ, ПЪТЯ"
М 36,bda4,IV,Морфология,36,62,62,"Окончания след твърда съгласна пред членна морфема -та при двусрични съществителни имена от женски род - названия за лица, от типа жена, мома - жената, момата"
М 37,bda4,IV,Морфология,37,63,63,"Окончания след твърда съгласна пред членна морфема -та при двусрични съществителни имена от женски род - общи названия, от типа вода, глава - водата, главата"
М 38,bda4,IV,Морфология,38,64,64,"Окончания след мека съгласна пред членна морфема -та в съществител- ните имена от женски род за неодушевени предмети от типа главня, земя - главнята, земята зеаиадота"
М 39,bda4,IV,Морфология,39,65,65,"трасе перфене за единствено число на съществителните имена от типа сол, вечер - солта, вечерта: зоузузауер пер ранга вар ер арписииени неризаненеие"
М 40,bda4,IV,Морфология,40,66,66,"Членни морфеми за множествено число на едносричните съществителни имена от мъжки род от типа вол, син, град - воловете, синовете, градовете"
М 41,bda4,IV,Морфология,41,67,67,Членни морфеми за множествено число на съществителното име мъж
М 42,bda4,IV,Морфология,42,68,68,Членни морфеми за множествено число на съществителното име кон - КОНЕТЕ еее
М 43,bda4,IV,Морфология,43,69,69,Членни морфеми за множествено число на съществителното име гост - БОСТИТЕ са ааа ва вата во вавоатиатив еве
М 44,bda4,IV,Морфология,44,70,70,"Членни морфеми за множествено число на съществителното име сноп - снопите грис пахълии ста пузазаньика, срипран аа, рркания дизгасисведа вегасни ракла"
М 45,bda4,IV,Морфология,45,71,71,"Членни морфеми за множествено число на многосричните съществител- ни имена от мъжки род от типа винар, косач, ръкав, гълъб - винарите, косачите, ръкавите, гълъбите"
М 46,bda4,IV,Морфология,46,72,72,"Членни морфеми за множествено число на съществителните имена от жен- ски род от типа глава, жена - главите, жените"
М 47,bda4,IV,Морфология,47,73,73,Членни морфеми за множествено число на съществителното име от женски род овца - овцете
М 48,bda4,IV,Морфология,48,74,74,Членни морфеми за множествено число на съществителното име ръка
М 49,bda4,IV,Морфология,49,75,75,Членни морфеми за множествено число на съществителното име нога - нозете
М 50,bda4,IV,Морфология,50,76,76,Членни морфеми за множествено число на съществителното име теле - телетата
М 51,bda4,IV,Морфология,51,77,77,"Членни морфеми за множествено число на съществителното име коляно - коленете, колената рол коц па рай веч раз позаа 53 54 55 56 57 58 59 60 61 62 63 64 65 66 67 68 69 70 т 72 73 74 75 76"
М 52,bda4,IV,Морфология,52,78,78,"Членни морфеми за множествено число на съществителното име рамо - раменете, рамената"
М 53,bda4,IV,Морфология,53,79,79,Типове системи за членуване на съществителни и прилагателни имена
М 54,bda4,IV,Морфология,54,80,80,Наличие или отсъствие на винителни форми при лични имена от мъжки род
М 55,bda4,IV,Морфология,55,81,81,"Наставки за образуване на относителни прилагателни имена от названия за лица от типа войнишки, човешки"
М 56,bda4,IV,Морфология,56,82,82,"Наставки за образуване на относителни прилагателни имена от типа морски, балкански"
М 57,bda4,IV,Морфология,57,83,83,"Членни морфеми за мъжки род единствено число на прилагателните имена от типа бял, голям - белият, големият; белия, големия"
М 58,bda4,IV,Морфология,58,84,84,"Вид на наставката на двусрични прилагателни имена от женски род един- ствено число от типа горна, долна, средна < стб. горъна, долна, ДЪНА"
М 59,bda4,IV,Морфология,59,85,85,Форми за именителен падеж на личното местоимение за | лице единствено: число аз < стб. лтъ.. за р
М 60,bda4,IV,Морфология,60,86,86,"Кратки форми за винителен падеж на личните местоимения за | и 2 лице единствено число ме, те < стб. мА, тл. к вж к"
М 61,bda4,IV,Морфология,61,87,87,Разпространение на удължени форми за именителен падеж на личното мес- тоимение за 2 лице единствено число ти < стб. тъ
М 62,bda4,IV,Морфология,62,88,88,Форми за именителен падеж на личното местоимение за В лице единствено число мъжки род той < стб. тън
М 63,bda4,IV,Морфология,63,89,89,Пълни форми за винителен падеж на личното местоимение за АЗ лице един- ствено число мъжки и среден род него < стб. кго. нее
М 64,bda4,IV,Морфология,64,90,90,Кратки форми за винителен падеж на личното местоимение за 3 лице един- ствено число мъжки и среден род ГО
М 65,bda4,IV,Морфология,65,91,91,Пълни форми за дателен падеж на личното местоимение за 3 лице единстве- нОЗчиСлО МБЯННИ род НЯРНеГО зспогчознвачечилна
М 66,bda4,IV,Морфология,66,92,92,Форми за именителен падеж на личното местоимение за 3 лице единствено: число женски род тя < стб. та
М 67,bda4,IV,Морфология,67,93,93,"Пълни форми за винителен падеж на личното местоимение за 3 лице един- ствено число женски род нея, срв. стб. нм, нн > срб. (н) ик"
М 68,bda4,IV,Морфология,68,94,94,"Кратки форми за винителен падеж на личното местоимение за 3 лице един- ствено число женски род а#< стб,тжиуррузсев фин вафрерервина"
М 69,bda4,IV,Морфология,69,95,95,"Пълни форми за дателен падеж на личното местоимение за 3 лице единстве- но число женски род на нея < стб. нен, н.е"
М 70,bda4,IV,Морфология,70,96,96,Кратки форми за дателен падеж на личното местоимение за 3 лице единстве- но число женски род й < стб. кн
М 71,bda4,IV,Морфология,71,97,97,Форми за именителен падеж на личното местоимение за 3 лице единствено число среден род то < стб. то
М 72,bda4,IV,Морфология,72,98,98,"Форми за именителен падеж на личните местоимения за Ги 2 лице множест- вено число ние, вие, срв. Ст6, МВД БЪГ а аакаааокаасеаасавевва вв ката ад иедарееаиеавцоае"
М 73,bda4,IV,Морфология,73,99,99,"Пълни форми за винителен падеж на личните местоимения за Ги 2 лице множествено число нас, вас < ст. НАСЪ, ВАЪ а онанннеенееии еее"
М 74,bda4,IV,Морфология,74,100,100,Кратки форми за винителен падеж на личното местоимение за | лице мно- жествено число ни < стб. нъ
М 75,bda4,IV,Морфология,75,101,101,Кратки форми за винителен падеж на личното местоимение за 2 лице мно- жествено число ви < стб. въ
М 76,bda4,IV,Морфология,76,102,102,"Пълни форми за дателен падеж на личните местоимения за Ги 2 лице мно- жествено число на нас, на вас"
М 77,bda4,IV,Морфология,77,103,103,Кратки форми за дателен падеж на личното местоимение за | лице множест- вено число ни < стб. нъ
М 78,bda4,IV,Морфология,78,104,104,Кратки форми за дателен падеж на личното местоимение за 2 лице множест- вено число ви < стб. къ
М 79,bda4,IV,Морфология,79,105,105,Форми за именителен падеж на личното местоимение за 3 лице множествено: МИСЛО ТЕ < СТО. ТЕ роксъновсрно авари кик вис воал вивтво изд КИН 81 82 83 84 85 86 87 88 89 90 91 92 93 94 95 96 97 98 99 100 102
М 80,bda4,IV,Морфология,80,106,106,Пълни форми за винителен падеж на личното местоимение за 3 лице мно- жествено число тях < стб. тъхъ
М 81,bda4,IV,Морфология,81,107,107,Кратки Форма за винителен падеж на личното местоимение за 3 лице мно- жествено число ги
М 82,bda4,IV,Морфология,82,108,108,Пълни форми за дателен падеж на личното местоимение за. Зл лице множест- вено число на тях
М 83,bda4,IV,Морфология,83,109,109,Кратки форми за дателен падеж на личното местоимение за 3 лице множест- вено число им < стб. нмъ
М 84,bda4,IV,Морфология,84,110,110,"Форми на показателното местоимение за мъжки род единствено число този, срв. стб. тъ"
М 85,bda4,IV,Морфология,85,111,111,"Форми на показателното местоимение за мъжки род единствено число онзи, срв. стб. онъ"
М 86,bda4,IV,Морфология,86,112,112,"Форми на показателното местоимение за женски род единствено число тази, срв. стб. та"
М 87,bda4,IV,Морфология,87,113,113,Форми на показателното местоимение за женски род единствено число онази: срв. СТО.ОНА:с;< иерецирагратрияцнераа рррериеатециеанрнрера вадене
М 88,bda4,IV,Морфология,88,114,114,"Форми на показателното местоимение за среден род единствено число това, СВ: СТО. ЕД ври: здейе: дове: ауе. крике"
М 89,bda4,IV,Морфология,89,115,115,"Форми на показателното местоимение за среден род единствено число онова, срв. СТ6.9Н9 взривно фев ацивворвао рови"
М 90,bda4,IV,Морфология,90,116,116,"Форми на показателното местоимение за множествено число тези, срв. стб. тн, та, ТЪТ"
М 91,bda4,IV,Морфология,91,117,117,"Форми на показателното местоимение за множествено число онези, срв. стб. онн, ОНА, онъ!"
М 92,bda4,IV,Морфология,92,118,118,Препозитивни елементи при показателните
М 93,bda4,IV,Морфология,93,119,119,Типове местоименни показателни системи
М 94,bda4,IV,Морфология,94,120,120,Разпространение на формите за 3 лице винителен падеж на личните место- имения с показателно Значение
М 95,bda4,IV,Морфология,95,121,121,Форми на притежателното местоимение за 3 лице множествено число техен
М 96,bda4,IV,Морфология,96,122,122,"Окончания за 1 лице единствено число сегашно време при глаголи от | спре- жение от типа плета, пера, срВ. сТ6. ПАФТИБ, Па"
М 97,bda4,IV,Морфология,97,123,123,"Окончания за | лице единствено число сегашно време на глагола бера, срв. стб. верж"
М 98,bda4,IV,Морфология,98,124,124,"Окончания за 1 лице единствено число сегашно време при глаголи от | спре- жение от типа пия, чуя, срв. стб. пик, НОИ еее ее виене еее нна"
М 99,bda4,IV,Морфология,99,125,125,"Окончания за | лице единствено число сегашно време при глаголи от П спрежение от типа горя, ловя, срв. сТб. ГОрИК, ЛОВА"
М 100,bda4,IV,Морфология,100,126,126,"Вид на съгласната пред окончанията за | лице единствено число сегашно време на глаголите от П спрежение от типа горя, ловя, срв. стб. Гори, МВА нн"
М 101,bda4,IV,Морфология,101,127,127,"Окончания за | лице единствено число сегашно време при глаголи от П спрежение с основа, завършваща на шушкава съгласна, от типа държа, мълча, суша, срв. стб. дръжа, мльчя, СОДШЖ нае еее еее еее еее еее еее еее"
М 102,bda4,IV,Морфология,102,128,128,"Окончания за 1 лице единствено число сегашно време при глаголи от П спрежение от типа доя, поя, срв. стб. Док, ПОМ"
М 103,bda4,IV,Морфология,103,129,129,"Окончания за | лице единствено число сегашно време при глаголи от П спрежение от типа видя, купя, моля, срв. стб. киждж, КОХПАНЕ, МОМИ ооо"
М 104,bda4,IV,Морфология,104,130,130,"Вид на съгласната пред окончанията за | лице единствено число сегашно време на глаголите от П спрежение от типа видя, купя, моля, срв. стб. кнждж, коплик"
М 105,bda4,IV,Морфология,105,131,131,"Окончания за | лице единствено число сегашно време при глаголи с пред- ставки от Ги П спрежение от типа донеса, изгоря, продължа, срв. стб. донесж, нугорик, продлъжя. 106 107 108 109 110 11 112 13 114 115 116 117 118 119 120 121 122 123 124 125 126 127 128 129"
М 106,bda4,IV,Морфология,106,132,132,"Окончания за | лице множествено число сегашно време при глаголи от Ти П спрежение от типа плета; пия; играя; горя; моля; държа; доя - плетем; пием; играем; горим; молим; държим; доим, срв. стб. плетемъ; пием; нгулемъ; горимъ; молнмъ; ест тате ат лее ит пача то"
М 107,bda4,IV,Морфология,107,133,133,"Окончания за 3 лице множествено число сегашно време при глаголи от 1 спрежение от типа плета, пера - плетат, перат, срв. стб. плетжтъ, пержтъ"
М 108,bda4,IV,Морфология,108,134,134,"Окончания за 3 лице множествено число сегашно време при глаголи от 1 спрежение от типа зная, играя - знаят, играят, срв. стб. гнанктъ, нгрмжтъ"
М 109,bda4,IV,Морфология,109,135,135,"Окончания за 3 лице множествено число сегашно време при глаголи от П спрежение от типа веселя (се), горя - веселят (се), горят, срв. стб. веслатъ сж, горжтъ"
М 110,bda4,IV,Морфология,110,136,136,"Вид на съгласната пред окончанието за 3 лице множествено число при гла- голи от П спрежение от типа веселя (се), горя - веселят (се), горят, срв. стб. вееллтъ 134 с, горжтъ"
М 111,bda4,IV,Морфология,111,137,137,"Окончания за 3 лице множествено число сегашно време при глаголи от П спрежение от типа поя, стоя - поят, стоят, срв. стб. ПОАТА, СТОАТЪ. нн"
М 112,bda4,IV,Морфология,112,138,138,"Окончания за 3 лице множествено число сегашно време при глаголи от П спрежение от типа водя, купя - водят, купят, срв. стб. кодатъ, кофпатъ на"
М 113,bda4,IV,Морфология,113,139,139,"Вид на съгласната пред окончанията за 3 лице множествено число сегашно: време при глаголи от П спрежение от типа водя, купя - водят, купят, срв. стб. кодАтъ, коупатЪ кори за зада за за, нерор пар тата такта гр ре са"
М 114,bda4,IV,Морфология,114,140,140,Форми за | лице множествено число сегашно време на спомагателния гла- гол съм. сме“ ното; неми ср ренсрисиеатста пада сасъриъваа е пар садврад абат полъринава
М 115,bda4,IV,Морфология,115,141,141,Форми за 2 лице множествено число сегашно време на спомагателния гла- ГОЛССЪМИ с ЛФИВ 1 СТО ПКВ Е ниво зтава визията инворчвакввиовививте та
М 116,bda4,IV,Морфология,116,142,142,Частици за образуване на положителна форма за бъдеще време за 1 лице Единствено:число--лще (пера) за инитистнетрраецонрни рев рес порасне
М 117,bda4,IV,Морфология,117,143,143,Частици за образуване на положителна форма за бъдеще време за 3 лице Единствено число ще: (пере) кула: вени изнесено ничиавковсване нкъйетааларождас конак
М 118,bda4,IV,Морфология,118,144,144,"Форми за 2 лице множествено число повелително наклонение на коренни глаголи от Ти П спрежение от типа бера, ходя - берете, ходете, срв. стб. вервте, Ходите"
М 119,bda4,IV,Морфология,119,145,145,"Форми за 2 лице множествено число повелително наклонение на префикс- ни глаголи от Ти П спрежение от типа донеса, заколя - донесете, заколете, срв. стб. донесъте, ДАКОАНТЕ"
М 120,bda4,IV,Морфология,120,146,146,"Разпространение на форми без тематична гласна за 2 лице множествено число повелително наклонение при коренни и префиксни глаголи от Ги П спрежение от типа бера, нося; донеса, заколя - берете, носете; донесете, заколете, срв. стб. веръте, НОСНтЕ Аоневте, УАКОАНТЕ 5 зсвс воле ко авто врати"
М 121,bda4,IV,Морфология,121,147,147,"Окончания за | лице единствено число минало несвършено време на гла- голи от Ги П спрежение от типа бода, гоня, точа, държа, бия - бодях, гонех, точех, държах, биех, срв. стб. бодувхъ, гонахъ, точАХЪ, луъжакъ, внахъ < стб. БодувАХЪ, ГОНААХЪ, 145 ТОЧААХЪ, ДъЖААХА, БИДАХА"
М 122,bda4,IV,Морфология,122,148,148,"Вид на основната гласна във формите за | лице единствено число минало несвършено време при глаголи от Ги П спрежение от типа бода, въртя - бодях, въртях, срв. стб. водвхъ, врътъхъ < стб. водувахъ, врътвАХа"
М 123,bda4,IV,Морфология,123,149,149,"Вид на основната гласна във формите за | лице единствено число мина- ло несвършено време при глаголи от Ги П спрежение от типа пека, държа - печах, държах, срв. стб. печахъ, дръжахъ < стб. печлахъ, АрЕЖААХЕ ара"
М 124,bda4,IV,Морфология,124,150,150,"Вид на основната гласна във формите за | лице единствено число минало несвършено време при глаголи от | спрежение с основа, която завършва на гласна, от типа бия, сея - биех, сеех, срв. стб. втахъ, свахъ < стб. вимАХЪ, СНААХЪ. ха а"
М 125,bda4,IV,Морфология,125,151,151,"Вид на основната гласна във формите за | лице единствено число минало несвършено време при глаголи от П спрежение от типа гоня, коля - гонех, колех, срв. СТО. ГОННЕ КОАНИЯ <ССТО ГОННКХА него моа виртео 151 2 Български диалектен атлас. Обобщаващ том. ГУ. Морфология. 10 БЪЛГАРСКИ ДИАЛЕКТЕН АТЛАС. Обобщаващ том. ГУ. Морфология"
М 126,bda4,IV,Морфология,126,152,152,"Вид на глаголната основа във формите за 3 лице множествено число ми- нало несвършено време при глаголи от Ги П спрежение от типа бода, гоня - бодяха, гонеха, срв. стб. водвхж, гонахж < стб. БОД/ВАХЖ, ГОМААХЖ она 152"
М 127,bda4,IV,Морфология,127,153,153,"Вид на основната гласна във формите за | лице единствено число минало свършено време при глаголи от | спрежение от типа река, донеса - рекох, донесох < сТ6. |окока, Донка еее"
М 128,bda4,IV,Морфология,128,154,154,"Форми за | лице единствено число минало свършено време при глаголи от 1 спрежение от типа падна, седна - паднах, седнах, срв. срб. ПАДНАХЪ, СМАНАХЪ. нн"
М 129,bda4,IV,Морфология,129,155,155,"Окончания за 3 лице множествено число минало свършено време при гла- голи от Ги П спрежение от типа бера, река; видя, ходя, стоя - браха, рекоха; видяха, ходиха, стояха < стб. БЬрАША, реКоша; БНДБША,, ХОАНША,, СТОМША а"
М 130,bda4,IV,Морфология,130,156,156,"Разпространение на форми за минало несвършено деятелно причастие от типатиграел, лежал Пери съвоксконноно ката беда ката ква"
М 131,bda4,IV,Морфология,131,157,157,Форми за минало свършено деятелно причастие на глагола вляза - влязъл < СТ чар Работен селесвангин таг иявнааетунса вабреа
М 132,bda4,IV,Морфология,132,158,158,"Форми за минало свършено деятелно причастие от глагола донеса - донесъл, срв. сб"
М 133,bda4,IV,Морфология,133,159,159,"Окончания за множествено число на миналите свършени деятелни причас- ти От типа били, ДОШЛИ кога равна таеа фрд рерщовианв нее рируаепцаедав.вчрт рлучрапеиеаиета"
М 134,bda4,IV,Морфология,134,160,160,"Окончания за множествено число на миналите свършени деятелни причас- тия от типа правили, ходили"
М 135,bda4,IV,Морфология,135,161,161,Наставки за образуване на минало страдателно причастие от глагола женя ЖЕНЕН СТО ЖЕНЕНЕ кзсреасъао пас вавско во есирвееавиане акотивна
М 136,bda4,IV,Морфология,136,162,162,"Наставки за образуване на минали страдателни причастия от глаголи с корен, завършващ на гласна, от типа пия, повия - пит, повит < стб. пнтъ, повнтъ...... 162"
М 137,bda4,IV,Морфология,137,163,163,"Вид на наставката във формите за 1 лице единствено число сегашно време на итеративни глаголи от типа дарувам, милувам < стб. дароватн, „Аароуив; мнловати, мнломнв"
М 138,bda4,IV,Морфология,138,164,164,"Вид на крайната коренна съгласна в итеративни глаголи от типа изпичам, наричам < стб. НАрНЦАТИ, нАрНчя"
М 139,bda4,IV,Морфология,139,165,165,Разпространение на употреба на а форми нителен падеж вместо във винителен и дателен падеж. на личното местоимение в име
М 140,bda4,IV,Морфология,140,166,166,Начини за изразяване на връзката при подчинено определително изречение
М 141,bda4,IV,Морфология,141,167,167,Разпространение на форми за изразяване на връзката при подчинено опре- делително изречение с показателна морфема
М 142,bda4,IV,Морфология,142,168,168,"Форми на притежателните местоимения за 3 лице за изразяване на принад- Лежност На ПОДЛОГА., вас фар вевтацкатате ново векововикавивоарета во вовте адивие"
М 143,bda4,IV,Морфология,143,169,169,Мястото на отрицателната частица не при кратката местоименна форма и проста глаголна формации вани пираидъванаиеа аси пайад. инак вата ика щейьрй
М 144,bda4,IV,Морфология,144,170,170,"Мястото на кратките форми на личните местоимения, употребени край ми- нало неопределено време, в конструкции от типа аз съм го видял, аз съм Идал"
М 145,bda4,IV,Морфология,145,171,171,"Глаголни форми в конструкции за забрана от типа недей плака........... 171 КОМЕНТАРИ КЪМКАРТИТЕ екререеикеаецав пар пави Вар 172 СПИСЪК НА КОМПЛЕКТИТЕ ОТ РЕГИОНАЛНИ КАРТИ............ нн 212 ПОКАЗАЛЕЦ НА КАРТОГРАФИРАНИТЕ ФОРМИ И НА ВКЛЮЧЕНИТЕ СТАРОБЪЛГ: СКИ СЪОТВЕТСТВИЯ СПИСЪК НА 244 РЕЗЮМЕТА НА АНГЛИЙСКИ, НЕМСКИ, ФРЕНСКИ И РУСКИ ЕЗИК... 245 РАЗПРЕДЕЛЕНИЕ НА РАБОТАТА МЕЖДУ ЧЛЕНОВЕТЕ НА"
